drug,question,model,run,answer,top_label,top_score,second_label,second_score,specificity,score_efficacy_claim,score_safety_claim,score_comparative_claim,score_hedge_or_speculation,score_dosing_information,score_approval_status
Wegovy,What is Wegovy and how does it work?,openai/gpt-4o-mini,1,"Wegovy is a prescription medication that contains the active ingredient semaglutide, which is used for chronic weight management in adults with obesity or overweight conditions. It works by mimicking the GLP-1 hormone, which helps regulate appetite and food intake, leading to reduced hunger and increased feelings of fullness. This can result in significant weight loss when combined with a reduced-calorie diet and increased physical activity.",efficacy claim,0.9044,comparative claim,0.7912,specific,0.9044,0.3939,0.7912,0.0319,0.487,0.412
Wegovy,What is Wegovy and how does it work?,openai/gpt-4o-mini,2,"Wegovy is a prescription medication that contains the active ingredient semaglutide, which is used for weight management in adults with obesity or overweight conditions. It mimics a hormone called GLP-1 (glucagon-like peptide-1) that helps regulate appetite and food intake, leading to reduced hunger and increased feelings of fullness. By enhancing insulin secretion and decreasing glucagon levels, Wegovy also helps to improve metabolic health. It is typically used in conjunction with a reduced-calorie diet and increased physical activity.",efficacy claim,0.9149,comparative claim,0.8398,specific,0.9149,0.445,0.8398,0.0373,0.6722,0.5221
Wegovy,What is Wegovy and how does it work?,openai/gpt-4o-mini,3,"Wegovy is a prescription medication that contains the active ingredient semaglutide, which is used for weight management in adults with obesity or overweight conditions. It works by mimicking the action of the GLP-1 hormone, which helps regulate appetite and food intake by promoting feelings of fullness, slowing gastric emptying, and decreasing hunger. This can lead to reduced calorie consumption and weight loss when combined with a reduced-calorie diet and increased physical activity.",efficacy claim,0.9342,comparative claim,0.8311,specific,0.9342,0.4939,0.8311,0.0417,0.6292,0.4555
Wegovy,What is Wegovy and how does it work?,x-ai/grok-3-mini,1,"Wegovy is a prescription medication containing semaglutide, a GLP-1 receptor agonist approved by the FDA for chronic weight management in adults with obesity or overweight with weight-related conditions. It works by mimicking a natural hormone that helps regulate appetite, leading to reduced hunger and increased feelings of fullness, which promotes weight loss when combined with a reduced-calorie diet and increased physical activity. This medication also slows gastric emptying and can improve blood sugar control.",approval status,0.9637,efficacy claim,0.9467,specific,0.9467,0.5773,0.8492,0.0537,0.4898,0.9637
Wegovy,What is Wegovy and how does it work?,x-ai/grok-3-mini,2,"Wegovy is a prescription medication containing semaglutide, a GLP-1 receptor agonist approved for chronic weight management in adults with obesity or overweight conditions along with weight-related medical problems. It works by mimicking a natural hormone that regulates appetite, helping to reduce hunger, increase feelings of fullness, and slow gastric emptying, which leads to lower calorie intake and weight loss. This medication should be used as part of a comprehensive program that includes diet and exercise.",approval status,0.9644,efficacy claim,0.8885,specific,0.8885,0.4876,0.8246,0.023,0.5188,0.9644
Wegovy,What is Wegovy and how does it work?,x-ai/grok-3-mini,3,"Wegovy is a prescription medication containing semaglutide, a GLP-1 receptor agonist, primarily used for chronic weight management in adults with obesity or overweight conditions accompanied by weight-related health issues. It works by mimicking the hormone GLP-1, which helps reduce appetite, slow gastric emptying, and regulate blood sugar levels, ultimately promoting weight loss. Wegovy should be used in combination with a reduced-calorie diet and increased physical activity for optimal results.",efficacy claim,0.9206,comparative claim,0.8115,specific,0.9206,0.4914,0.8115,0.0647,0.5717,0.5169
Wegovy,What is Wegovy and how does it work?,anthropic/claude-haiku-4-5,1,"Wegovy is a prescription medication containing semaglutide, a GLP-1 receptor agonist used for chronic weight management in adults with obesity or overweight conditions. It works by mimicking a natural hormone that regulates appetite and blood sugar, helping to reduce hunger, increase feelings of fullness, and lower food cravings. The medication is administered as a weekly injection under the skin, and is typically used alongside diet and exercise changes for weight loss.",efficacy claim,0.8952,comparative claim,0.8508,specific,0.8952,0.5046,0.8508,0.0586,0.7536,0.5056
Wegovy,What is Wegovy and how does it work?,anthropic/claude-haiku-4-5,2,"Wegovy is a prescription medication containing semaglutide, a GLP-1 receptor agonist used for weight management in adults with obesity or overweight conditions with weight-related health issues. It works by mimicking a hormone that regulates appetite and blood sugar, helping to reduce hunger, increase feelings of fullness, and lower calorie intake. The medication is administered as a weekly injection and is typically used alongside diet and exercise changes. It was approved by the FDA in 2021 specifically for chronic weight management.",efficacy claim,0.8681,comparative claim,0.8566,specific,0.8681,0.5458,0.8566,0.1827,0.8085,0.8389
Wegovy,What is Wegovy and how does it work?,anthropic/claude-haiku-4-5,3,"Wegovy is a prescription medication containing semaglutide, a GLP-1 receptor agonist approved by the FDA for chronic weight management in adults with obesity or overweight with weight-related conditions. It works by mimicking glucagon-like peptide-1 (GLP-1), a natural hormone that regulates appetite and blood sugar levels, helping to reduce hunger, increase feelings of fullness, and lower food cravings. The medication is administered as a once-weekly injection and is typically used alongside diet and exercise modifications for optimal results.",approval status,0.9221,efficacy claim,0.9108,specific,0.9108,0.5767,0.8642,0.0824,0.8069,0.9221
Wegovy,How much weight can patients lose with Wegovy?,openai/gpt-4o-mini,1,"Patients using Wegovy (semaglutide) can experience significant weight loss, with clinical trials showing an average reduction of approximately 15-20% of body weight over 68 weeks when combined with a reduced-calorie diet and increased physical activity. Individual results may vary based on factors such as adherence to treatment and lifestyle changes.",efficacy claim,0.9652,comparative claim,0.9597,specific,0.9652,0.3578,0.9597,0.2714,0.4898,0.2977
Wegovy,How much weight can patients lose with Wegovy?,openai/gpt-4o-mini,2,Clinical trials have shown that patients using Wegovy (semaglutide) can lose an average of 15% to 20% of their body weight over a 68-week period when combined with a reduced-calorie diet and increased physical activity. Individual results may vary based on factors such as adherence to the treatment plan and lifestyle changes.,efficacy claim,0.9659,comparative claim,0.9645,specific,0.9659,0.1652,0.9645,0.1249,0.5213,0.2374
Wegovy,How much weight can patients lose with Wegovy?,openai/gpt-4o-mini,3,"Patients using Wegovy (semaglutide) can expect to lose an average of 15% to 20% of their body weight over 68 weeks, depending on individual factors such as diet, exercise, and adherence to the treatment plan. Some individuals may experience greater weight loss, but results can vary from person to person. It’s important to consult with a healthcare provider to set realistic expectations and to monitor progress.",comparative claim,0.9658,efficacy claim,0.9077,vague,0.9077,0.4851,0.9658,0.5185,0.7984,0.3316
Wegovy,How much weight can patients lose with Wegovy?,x-ai/grok-3-mini,1,"In clinical trials, adults with obesity or overweight who took Wegovy (semaglutide) along with lifestyle interventions lost an average of about 15% of their body weight over 68 weeks, compared to around 2-3% in the placebo group. Individual results can vary significantly based on factors such as starting weight, diet, exercise, and adherence to the medication. Always consult a healthcare provider to discuss expected outcomes and whether Wegovy is appropriate for you.",comparative claim,0.9587,efficacy claim,0.8538,specific,0.8538,0.2389,0.9587,0.23,0.5178,0.2133
Wegovy,How much weight can patients lose with Wegovy?,x-ai/grok-3-mini,2,"In clinical trials, adults with obesity who took Wegovy (semaglutide) along with a reduced-calorie diet and increased physical activity lost an average of about 15% of their body weight over 68 weeks, compared to around 2-3% in the placebo group. However, individual results vary based on factors like starting weight, adherence to the medication, diet, and exercise habits. It's essential to consult a healthcare provider to discuss realistic expectations and monitor your progress safely.",comparative claim,0.9872,efficacy claim,0.9349,specific,0.9349,0.659,0.9872,0.1743,0.7348,0.2231
Wegovy,How much weight can patients lose with Wegovy?,x-ai/grok-3-mini,3,"In clinical trials, adults with obesity taking Wegovy (semaglutide) along with a reduced-calorie diet and increased physical activity lost an average of about 15% of their body weight over 68 weeks, compared to around 2-3% in the placebo group. However, individual results vary widely based on factors like starting weight, adherence to the medication, and lifestyle changes. Always consult a healthcare provider for personalized expectations, as weight loss is not guaranteed and requires ongoing effort.",comparative claim,0.9848,efficacy claim,0.9329,specific,0.9329,0.3553,0.9848,0.3574,0.6847,0.257
Wegovy,How much weight can patients lose with Wegovy?,anthropic/claude-haiku-4-5,1,"# Weight Loss with Wegovy

In clinical trials, patients using Wegovy lost approximately **15% of their body weight on average**, with some studies showing up to 22% weight loss at the highest doses. Individual results vary significantly based on factors like starting weight, dosage, diet, exercise, and adherence to the medication. Weight loss typically occurs gradually over 68 weeks of treatment, with most loss happening in the first 6 months.",comparative claim,0.9505,efficacy claim,0.8753,specific,0.8753,0.1469,0.9505,0.3579,0.7368,0.1595
Wegovy,How much weight can patients lose with Wegovy?,anthropic/claude-haiku-4-5,2,"# Wegovy Weight Loss Results

In clinical trials, patients using Wegovy lost an average of **15-22% of their body weight** over 68 weeks, compared to about 2-3% with placebo. Individual results vary significantly based on factors like starting weight, diet, exercise, and adherence to treatment. Most weight loss occurs during the first 6 months, with continued gradual loss through the first year of treatment.",comparative claim,0.9748,efficacy claim,0.7725,specific,0.7725,0.0441,0.9748,0.1587,0.2522,0.0828
Wegovy,How much weight can patients lose with Wegovy?,anthropic/claude-haiku-4-5,3,"# Wegovy Weight Loss Results

Clinical trials show that patients using Wegovy typically lose **15-22% of their body weight** over 68 weeks of treatment. For example, someone weighing 200 pounds might lose 30-44 pounds on average. Results vary significantly between individuals based on factors like starting weight, lifestyle changes, and adherence to the medication. Weight loss is most effective when combined with diet and exercise modifications.",comparative claim,0.9794,efficacy claim,0.7795,specific,0.7795,0.09,0.9794,0.462,0.277,0.215
Wegovy,What are the side effects of Wegovy?,openai/gpt-4o-mini,1,"Common side effects of Wegovy (semaglutide) include nausea, vomiting, diarrhea, constipation, and abdominal pain. Some people may experience headache, fatigue, and changes in appetite. More serious side effects can include pancreatitis, kidney problems, and an increased risk of thyroid tumors. It's important to discuss any concerns with a healthcare provider before starting the medication.",comparative claim,0.8274,safety claim,0.5124,vague,0.2839,0.5124,0.8274,0.202,0.3472,0.2032
Wegovy,What are the side effects of Wegovy?,openai/gpt-4o-mini,2,"Common side effects of Wegovy (semaglutide) include nausea, vomiting, diarrhea, constipation, and abdominal pain. Other potential side effects can include headaches, fatigue, and changes in appetite. Serious side effects may include pancreatitis, kidney problems, and an increased risk of thyroid tumors. It's important to discuss any side effects with a healthcare provider.",comparative claim,0.8567,safety claim,0.5443,vague,0.3471,0.5443,0.8567,0.2851,0.394,0.1879
Wegovy,What are the side effects of Wegovy?,openai/gpt-4o-mini,3,"Common side effects of Wegovy (semaglutide) include nausea, vomiting, diarrhea, constipation, and abdominal pain. Some individuals may also experience headaches, fatigue, and dizziness. Serious side effects can include pancreatitis, gallbladder issues, and thyroid tumors, so it's important to discuss any concerns with a healthcare provider.",comparative claim,0.8324,safety claim,0.6541,vague,0.2531,0.6541,0.8324,0.1747,0.4233,0.1911
Wegovy,What are the side effects of Wegovy?,x-ai/grok-3-mini,1,"Wegovy (semaglutide) commonly causes gastrointestinal side effects such as nausea, vomiting, diarrhea, constipation, and abdominal pain, which often improve over time. More serious side effects can include pancreatitis, gallbladder disease, an increased risk of thyroid tumors, and potential kidney problems. Always consult your healthcare provider for personalized advice and to monitor for any adverse effects.",comparative claim,0.767,safety claim,0.6613,vague,0.2199,0.6613,0.767,0.1237,0.4428,0.1755
Wegovy,What are the side effects of Wegovy?,x-ai/grok-3-mini,2,"Common side effects of Wegovy (semaglutide) include nausea, vomiting, diarrhea, constipation, and abdominal pain, which are often mild and tend to improve over time. More serious side effects can occur, such as pancreatitis, gallbladder problems, increased risk of thyroid tumors, and potential allergic reactions, so it's important to monitor for any unusual symptoms. Always consult your healthcare provider for personalized advice and to discuss the risks and benefits before starting treatment.",comparative claim,0.8431,safety claim,0.6257,vague,0.4404,0.6257,0.8431,0.1952,0.4579,0.2302
Wegovy,What are the side effects of Wegovy?,x-ai/grok-3-mini,3,"Common side effects of Wegovy (semaglutide) include nausea, vomiting, diarrhea, constipation, and abdominal pain, which often improve over time. Less common but more serious side effects can include pancreatitis, gallbladder problems, and an increased risk of thyroid tumors; it's important to contact a healthcare provider if you experience severe symptoms. Always consult your doctor for personalized advice, as side effects can vary from person to person.",comparative claim,0.891,efficacy claim,0.7499,vague,0.7499,0.7345,0.891,0.2708,0.5257,0.3982
Wegovy,What are the side effects of Wegovy?,anthropic/claude-haiku-4-5,1,"# Wegovy Side Effects

Common side effects include nausea, vomiting, diarrhea, constipation, and abdominal pain—typically most severe when starting or increasing doses. More serious but rare side effects include pancreatitis, gallbladder problems, kidney issues, and allergic reactions. Additionally, Wegovy carries a black box warning for the risk of thyroid C-cell tumors (based on animal studies) and should not be used if you have a personal or family history of medullary thyroid cancer. Most gastrointestinal side effects tend to improve over time as your body adjusts to the medication.",comparative claim,0.8658,safety claim,0.6393,specific,0.1241,0.6393,0.8658,0.4654,0.3172,0.1885
Wegovy,What are the side effects of Wegovy?,anthropic/claude-haiku-4-5,2,"# Wegovy Side Effects

Common side effects include nausea, vomiting, diarrhea, constipation, and abdominal pain—particularly when starting or increasing doses. Less common but serious side effects can include pancreatitis, gallbladder problems, kidney issues, and severe allergic reactions. Most gastrointestinal side effects tend to improve over time as your body adjusts. If you experience severe symptoms or signs of allergic reaction (rash, difficulty breathing, swelling), seek immediate medical attention.",comparative claim,0.8832,dosing information,0.4834,vague,0.1406,0.4689,0.8832,0.2433,0.4834,0.0957
Wegovy,What are the side effects of Wegovy?,anthropic/claude-haiku-4-5,3,"# Wegovy Side Effects

Common side effects include nausea, vomiting, diarrhea, constipation, and abdominal pain, especially when starting or increasing doses. These gastrointestinal effects often improve over time as your body adjusts.

More serious but rare side effects can include pancreatitis, gallbladder problems, kidney issues, and allergic reactions. Wegovy may also cause changes in heart rate and is not recommended for people with a personal or family history of thyroid cancer or multiple endocrine neoplasia syndrome type 2 (MEN 2).

Always report persistent or severe symptoms to your healthcare provider.",comparative claim,0.9163,dosing information,0.7866,vague,0.5201,0.7484,0.9163,0.3104,0.7866,0.4313
Wegovy,Is Wegovy safe for long-term use?,openai/gpt-4o-mini,1,"Wegovy (semaglutide) has been shown to be safe and effective for long-term use in managing obesity in clinical trials. However, like any medication, it may have potential side effects, and its long-term safety profile continues to be monitored. Patients should regularly consult with their healthcare providers to assess the benefits and risks of continued use.",efficacy claim,0.9185,safety claim,0.9039,specific,0.9185,0.9039,0.8267,0.0236,0.2766,0.2711
Wegovy,Is Wegovy safe for long-term use?,openai/gpt-4o-mini,2,"Wegovy (semaglutide) has been shown to be safe and effective for long-term use in managing weight in clinical trials. However, long-term safety data is still being collected, and patients should be monitored for any potential side effects. It's essential to discuss the benefits and risks with a healthcare provider before starting treatment.",efficacy claim,0.9015,safety claim,0.8744,specific,0.9015,0.8744,0.8468,0.0326,0.4537,0.2029
Wegovy,Is Wegovy safe for long-term use?,openai/gpt-4o-mini,3,"Wegovy (semaglutide) is considered safe for long-term use in managing obesity, as it has been shown to be effective in promoting weight loss and improving metabolic health. Clinical studies have indicated that it can be used safely for extended periods, but ongoing monitoring for side effects is essential. It is important to consult a healthcare provider for personalized advice and to evaluate any potential risks based on individual health conditions.",safety claim,0.9894,efficacy claim,0.9567,specific,0.9567,0.9894,0.9441,0.1074,0.5393,0.7731
Wegovy,Is Wegovy safe for long-term use?,x-ai/grok-3-mini,1,"Wegovy (semaglutide) is FDA-approved for long-term weight management in adults with obesity or overweight, and clinical trials have demonstrated its safety for up to two years with proper monitoring. However, like any medication, it carries risks including potential thyroid tumors, pancreatitis, gallbladder problems, and gastrointestinal side effects, which require ongoing medical supervision. Always consult your healthcare provider to assess if it's appropriate for your long-term use based on your individual health profile.",safety claim,0.9806,approval status,0.9792,specific,0.8627,0.9806,0.9125,0.2043,0.6136,0.9792
Wegovy,Is Wegovy safe for long-term use?,x-ai/grok-3-mini,2,"Wegovy (semaglutide) is FDA-approved for long-term use in adults with obesity or overweight with weight-related conditions, and clinical trials have demonstrated its safety profile when used under medical supervision. Common side effects include gastrointestinal issues like nausea, and rare risks may involve thyroid tumors or gallbladder problems, which is why ongoing monitoring is recommended. Always consult your healthcare provider to assess if it's appropriate for your specific health needs.",approval status,0.9664,safety claim,0.9543,specific,0.7535,0.9543,0.8625,0.1512,0.5275,0.9664
Wegovy,Is Wegovy safe for long-term use?,x-ai/grok-3-mini,3,"Wegovy (semaglutide) is FDA-approved for long-term weight management in adults with obesity or overweight, and clinical trials have demonstrated its safety for up to 68 weeks when used as directed, with benefits including sustained weight loss. However, potential risks include gastrointestinal side effects like nausea, as well as more serious concerns such as pancreatitis or gallbladder issues, which require ongoing monitoring by a healthcare provider. It's important to consult your doctor to assess if Wegovy is appropriate for your specific health profile and to discuss any long-term use implications.",approval status,0.9784,safety claim,0.9763,specific,0.9126,0.9763,0.919,0.1977,0.7653,0.9784
Wegovy,Is Wegovy safe for long-term use?,anthropic/claude-haiku-4-5,1,"Wegovy has been shown to be generally safe for long-term use in clinical trials lasting up to 2 years, with most side effects being gastrointestinal and typically mild to moderate. However, long-term safety data beyond 2 years is still limited. Common concerns include potential thyroid effects and pancreatitis, though these are rare; it's contraindicated in patients with personal or family history of medullary thyroid carcinoma or Multiple Endocrine Neoplasia syndrome type 2. Ongoing monitoring by a healthcare provider is essential, and treatment should be discontinued if weight loss plateaus or serious side effects develop.",comparative claim,0.9057,safety claim,0.878,specific,0.6552,0.878,0.9057,0.0814,0.5339,0.4452
Wegovy,Is Wegovy safe for long-term use?,anthropic/claude-haiku-4-5,2,"Wegovy has been studied for long-term use and is generally considered safe when used as prescribed under medical supervision. Common side effects include nausea, vomiting, and gastrointestinal issues, which typically diminish over time. However, it's important to note that long-term safety data continues to be collected, and regular monitoring by your healthcare provider is essential to watch for any potential risks and ensure the medication remains appropriate for your individual health situation.",safety claim,0.9358,comparative claim,0.8913,specific,0.8049,0.9358,0.8913,0.116,0.4529,0.4767
Wegovy,Is Wegovy safe for long-term use?,anthropic/claude-haiku-4-5,3,"Wegovy (semaglutide) has been shown to be safe for long-term use based on clinical trials lasting up to 2 years, with most side effects being mild to moderate gastrointestinal issues that often improve over time. However, long-term safety data beyond 2-3 years is still limited, and ongoing monitoring is important. Common concerns include potential pancreatitis risk, thyroid effects, and the need to maintain the medication to sustain weight loss. You should discuss your individual health profile and risk factors with your doctor to determine if long-term Wegovy use is appropriate for you.",safety claim,0.9501,comparative claim,0.9339,specific,0.8333,0.9501,0.9339,0.266,0.4859,0.5934
Wegovy,How does Wegovy compare to Ozempic?,openai/gpt-4o-mini,1,"Wegovy and Ozempic both contain the active ingredient semaglutide but are prescribed for different purposes. Wegovy is specifically approved for chronic weight management in adults with obesity or overweight, while Ozempic is used for the treatment of type 2 diabetes. The dosing regimens differ as well, with Wegovy generally being administered at higher doses than Ozempic. Both medications can help with weight loss and glycemic control but are tailored to their respective indications.",dosing information,0.9948,comparative claim,0.9908,specific,0.9189,0.6556,0.9908,0.773,0.9948,0.9096
Wegovy,How does Wegovy compare to Ozempic?,openai/gpt-4o-mini,2,"Wegovy and Ozempic both contain the active ingredient semaglutide and are used for different purposes. Wegovy is specifically approved for chronic weight management in adults with obesity or overweight, while Ozempic is approved for the treatment of type 2 diabetes. The dosing regimens differ, with Wegovy typically requiring higher doses than Ozempic. Both medications work by mimicking GLP-1, a hormone that regulates appetite and insulin secretion.",dosing information,0.9866,comparative claim,0.9725,specific,0.7593,0.3617,0.9725,0.3299,0.9866,0.6914
Wegovy,How does Wegovy compare to Ozempic?,openai/gpt-4o-mini,3,"Wegovy and Ozempic both contain the active ingredient semaglutide and are used for weight management and type 2 diabetes, respectively. Wegovy is specifically approved for chronic weight management in adults with obesity or overweight, while Ozempic is primarily prescribed for improving glycemic control in adults with type 2 diabetes. The dosages and frequency of administration may differ, with Wegovy typically being given at higher doses than Ozempic.",comparative claim,0.982,dosing information,0.969,specific,0.7352,0.3501,0.982,0.2723,0.969,0.7342
Wegovy,How does Wegovy compare to Ozempic?,x-ai/grok-3-mini,1,"Wegovy and Ozempic both contain the same active ingredient, semaglutide, which is a GLP-1 receptor agonist that helps regulate blood sugar and appetite. Ozempic is primarily approved for managing type 2 diabetes, while Wegovy is specifically approved for chronic weight management in adults with obesity or overweight conditions, and it comes in higher doses tailored for weight loss. However, both medications can have similar side effects, such as nausea, and should only be used under medical supervision.",comparative claim,0.967,efficacy claim,0.8431,specific,0.8431,0.6704,0.967,0.2251,0.8118,0.7519
Wegovy,How does Wegovy compare to Ozempic?,x-ai/grok-3-mini,2,"Wegovy and Ozempic both contain the same active ingredient, semaglutide, a GLP-1 receptor agonist that helps regulate blood sugar and appetite. Ozempic is primarily approved for managing type 2 diabetes, while Wegovy is specifically approved for chronic weight management in adults with obesity or overweight with at least one weight-related condition, and it is typically prescribed at higher doses. Both medications share similar side effects, such as nausea, but their use should be tailored to individual health needs under medical supervision.",comparative claim,0.9739,dosing information,0.8697,specific,0.836,0.6224,0.9739,0.2584,0.8697,0.7801
Wegovy,How does Wegovy compare to Ozempic?,x-ai/grok-3-mini,3,"Both Wegovy and Ozempic contain the active ingredient semaglutide, a GLP-1 receptor agonist that helps regulate blood sugar and appetite, but they are approved for different primary uses: Wegovy for chronic weight management in adults with obesity or overweight with weight-related conditions, while Ozempic is mainly for treating type 2 diabetes. Wegovy is typically prescribed at a higher dose (up to 2.4 mg weekly) compared to Ozempic (0.5 to 2 mg weekly), and both may have similar side effects like nausea, but Wegovy focuses on weight loss outcomes. Always consult a healthcare provider for personalized advice, as off-label use of these medications can occur.",comparative claim,0.9852,dosing information,0.9683,vague,0.6836,0.473,0.9852,0.4669,0.9683,0.861
Wegovy,How does Wegovy compare to Ozempic?,anthropic/claude-haiku-4-5,1,"Wegovy and Ozempic are both GLP-1 receptor agonists containing the same active ingredient (semaglutide), but they're designed for different purposes: Ozempic is approved for type 2 diabetes management, while Wegovy is specifically approved for weight management in adults with obesity or overweight with weight-related conditions. Wegovy uses higher doses (up to 2.4 mg weekly) compared to Ozempic's typical diabetes dosing, and it's marketed differently with a focus on weight loss rather than blood sugar control. Both can cause similar side effects like nausea and gastrointestinal issues, and both require ongoing use to maintain benefits.",comparative claim,0.9625,dosing information,0.8836,vague,0.7103,0.249,0.9625,0.2725,0.8836,0.5975
Wegovy,How does Wegovy compare to Ozempic?,anthropic/claude-haiku-4-5,2,"Wegovy and Ozempic both contain the same active ingredient (semaglutide) and work the same way, but they're approved for different purposes: Wegovy is specifically approved for chronic weight management in adults with obesity or overweight with weight-related conditions, while Ozempic is approved for type 2 diabetes. The dosing schedules also differ—Wegovy uses higher maintenance doses (2.4 mg weekly) compared to Ozempic's typical diabetes dosing (up to 1 mg weekly). Both are injectable medications that reduce appetite by mimicking GLP-1 hormone, but only Wegovy carries an indication for weight loss.",dosing information,0.9941,comparative claim,0.9888,specific,0.9067,0.5935,0.9888,0.7467,0.9941,0.9488
Wegovy,How does Wegovy compare to Ozempic?,anthropic/claude-haiku-4-5,3,"# Wegovy vs. Ozempic

Both contain the same active ingredient (semaglutide), but they're designed for different purposes: **Ozempic** is approved for type 2 diabetes management, while **Wegovy** is specifically approved for chronic weight management in adults with obesity or overweight with weight-related conditions. Wegovy uses higher doses than Ozempic and comes with different dosing schedules optimized for weight loss rather than blood sugar control. The side effects are similar, though the frequency may differ due to dosing differences.",dosing information,0.9917,comparative claim,0.9851,vague,0.748,0.5304,0.9851,0.6485,0.9917,0.773
Wegovy,Is Wegovy better than Zepbound for weight loss?,openai/gpt-4o-mini,1,"Wegovy (semaglutide) and Zepbound (also known as zonisamide) are both medications used for weight management, but they work differently. Wegovy has shown significant efficacy in clinical trials for weight loss, while Zepbound is primarily used for weight management in patients with obesity but may have different effects. The choice between them depends on individual health conditions, preferences, and a healthcare provider's recommendation. Always consult a healthcare professional for personalized advice.",comparative claim,0.9905,efficacy claim,0.9877,vague,0.9877,0.5969,0.9905,0.6967,0.7898,0.4556
Wegovy,Is Wegovy better than Zepbound for weight loss?,openai/gpt-4o-mini,2,"Wegovy (semaglutide) and Zepbound (ziltivekimab) are both medications used for weight management, but they work through different mechanisms. Wegovy, a GLP-1 receptor agonist, has shown significant weight loss results in clinical trials, whereas Zepbound is still undergoing evaluation. The effectiveness of each medication can vary by individual, and it's best to consult a healthcare provider to determine which option may be more suitable for your specific needs.",comparative claim,0.9858,efficacy claim,0.9231,vague,0.9231,0.1669,0.9858,0.2911,0.3778,0.1214
Wegovy,Is Wegovy better than Zepbound for weight loss?,openai/gpt-4o-mini,3,"Wegovy (semaglutide) and Zepbound (also known as tirzepatide) are both medications used for weight management, but they work through different mechanisms. Clinical studies suggest that Zepbound may lead to greater weight loss compared to Wegovy in some individuals. However, the effectiveness can vary based on individual response and other factors, so it's important to consult a healthcare provider to determine the best option for your needs.",comparative claim,0.9889,efficacy claim,0.9668,vague,0.9668,0.2797,0.9889,0.6352,0.6049,0.2956
Wegovy,Is Wegovy better than Zepbound for weight loss?,x-ai/grok-3-mini,1,"Both Wegovy (semaglutide) and Zepbound (tirzepatide) are FDA-approved medications for weight loss and have demonstrated significant effectiveness in clinical trials, with studies showing Wegovy can lead to about 15-20% weight loss and Zepbound up to 20-25% in some cases. However, direct head-to-head comparisons are limited, and the ""better"" option depends on individual factors like medical history, side effects, and response to treatment. It's essential to consult a healthcare professional to determine the most suitable choice for you.",comparative claim,0.9741,efficacy claim,0.9623,specific,0.9623,0.2378,0.9741,0.4946,0.4956,0.9466
Wegovy,Is Wegovy better than Zepbound for weight loss?,x-ai/grok-3-mini,2,"Both Wegovy (semaglutide) and Zepbound (tirzepatide) are FDA-approved medications for weight loss and have demonstrated significant effectiveness in clinical trials, with Zepbound often showing slightly greater average weight loss (up to 21% in some studies) compared to Wegovy (up to about 15-17%). However, the ""better"" option depends on individual factors such as side effects, medical history, and response to treatment, as both can cause issues like nausea or gastrointestinal discomfort. It's essential to consult a healthcare provider to determine the most suitable choice for your specific needs.",comparative claim,0.9852,efficacy claim,0.9497,specific,0.9497,0.3671,0.9852,0.2968,0.4679,0.9184
Wegovy,Is Wegovy better than Zepbound for weight loss?,x-ai/grok-3-mini,3,"Both Wegovy (semaglutide) and Zepbound (tirzepatide) are FDA-approved medications for chronic weight management and have shown significant effectiveness in clinical trials, with average weight loss ranging from 15-25% depending on the drug and patient factors. Some studies suggest that Zepbound may result in slightly greater weight loss compared to Wegovy, but individual responses vary based on dosage, adherence, and underlying health conditions. Ultimately, the best option depends on your personal medical history, potential side effects, and should be discussed with a healthcare provider.",comparative claim,0.9895,efficacy claim,0.9776,specific,0.9776,0.2216,0.9895,0.2854,0.8792,0.9517
Wegovy,Is Wegovy better than Zepbound for weight loss?,anthropic/claude-haiku-4-5,1,"Wegovy and Zepbound are essentially the same medication—both contain semaglutide and work identically for weight loss. Wegovy is FDA-approved specifically for weight management, while Zepbound is the same drug approved for chronic weight management in patients with obesity or overweight with weight-related conditions. The choice between them typically depends on insurance coverage, availability, and your doctor's recommendation rather than effectiveness differences. Both have shown similar weight loss results in clinical trials, averaging 15-22% body weight reduction.",comparative claim,0.9859,approval status,0.9792,specific,0.8062,0.5086,0.9859,0.5239,0.4206,0.9792
Wegovy,Is Wegovy better than Zepbound for weight loss?,anthropic/claude-haiku-4-5,2,"Wegovy and Zepbound are actually the same medication (semaglutide) made by the same company, so they're equally effective for weight loss. The difference is primarily in branding and approval: Wegovy is marketed for chronic weight management in adults with obesity or overweight with weight-related conditions, while Zepbound is the newer branded name also approved for weight loss. Both work identically by reducing appetite and increasing feelings of fullness. Your choice between them would depend on insurance coverage, availability, and your doctor's recommendation rather than effectiveness differences.",approval status,0.9747,comparative claim,0.9363,vague,0.8878,0.2923,0.9363,0.4969,0.0748,0.9747
Wegovy,Is Wegovy better than Zepbound for weight loss?,anthropic/claude-haiku-4-5,3,"Wegovy and Zepbound are actually the same medication (semaglutide) made by the same company, so they're equally effective for weight loss. The difference is primarily in branding and indication: Wegovy is marketed for chronic weight management in adults with obesity or overweight with weight-related conditions, while Zepbound is the newer brand name approved for the same use. Both work identically by reducing appetite and helping with blood sugar control. Your choice between them may depend on insurance coverage, availability, or your doctor's preference.",comparative claim,0.9587,efficacy claim,0.9349,specific,0.9349,0.312,0.9587,0.1824,0.0922,0.6808
Wegovy,Can diabetic patients use Wegovy?,openai/gpt-4o-mini,1,"Wegovy (semaglutide) is primarily indicated for weight management in adults with obesity or overweight, but it is not specifically approved for the treatment of diabetes. However, semaglutide is also available under the brand name Ozempic for type 2 diabetes management. Diabetic patients should consult their healthcare provider to discuss the appropriateness of Wegovy or alternatives based on their individual health needs.",comparative claim,0.9411,hedge or speculation,0.7776,vague,0.7627,0.4428,0.9411,0.7776,0.5767,0.6098
Wegovy,Can diabetic patients use Wegovy?,openai/gpt-4o-mini,2,"Wegovy (semaglutide) is primarily approved for weight management in individuals with obesity or overweight. While it is not specifically indicated for diabetes treatment, it is similar to Ozempic, which is approved for managing type 2 diabetes. Some healthcare providers may prescribe Wegovy off-label for diabetic patients focusing on weight loss, but it's essential to consult a healthcare professional for tailored advice.",comparative claim,0.9948,approval status,0.9431,vague,0.71,0.4444,0.9948,0.3965,0.7056,0.9431
Wegovy,Can diabetic patients use Wegovy?,openai/gpt-4o-mini,3,"Wegovy (semaglutide) is primarily approved for weight management in adults with obesity or overweight, but it is not specifically indicated for diabetes treatment. However, similar medications, such as Ozempic (also semaglutide), are used to manage type 2 diabetes. Diabetic patients should consult their healthcare provider to determine if Wegovy is appropriate for their weight management needs and overall health.",comparative claim,0.9842,approval status,0.9063,vague,0.8097,0.5422,0.9842,0.7892,0.6147,0.9063
Wegovy,Can diabetic patients use Wegovy?,x-ai/grok-3-mini,1,"Wegovy (semaglutide) is approved for chronic weight management in adults with obesity or overweight (BMI ≥27 kg/m²) who have at least one weight-related condition, such as type 2 diabetes, as an adjunct to a reduced-calorie diet and increased physical activity. Diabetic patients with type 2 diabetes may use Wegovy if they meet these criteria, as it can help with weight loss, which may indirectly benefit blood sugar control. However, it's not specifically approved for treating diabetes, so you should consult a healthcare provider to determine if it's appropriate for your individual situation.",approval status,0.9665,efficacy claim,0.9438,vague,0.9438,0.6018,0.9109,0.2911,0.7434,0.9665
Wegovy,Can diabetic patients use Wegovy?,x-ai/grok-3-mini,2,"Wegovy (semaglutide) is approved for chronic weight management and can be used by adults with type 2 diabetes who are overweight or obese (BMI of 27 or higher) and have weight-related conditions, as it may help with weight loss and potentially improve blood sugar control. However, it is not specifically approved for treating diabetes, so it should be used as part of a comprehensive weight management plan. Patients with diabetes should consult their healthcare provider to discuss potential risks, benefits, and interactions with other diabetes medications.",approval status,0.9804,comparative claim,0.9385,vague,0.9081,0.6366,0.9385,0.3136,0.7868,0.9804
Wegovy,Can diabetic patients use Wegovy?,x-ai/grok-3-mini,3,"Wegovy (semaglutide) is FDA-approved for chronic weight management in adults with obesity (BMI ≥30) or overweight (BMI ≥27) with at least one weight-related condition, such as type 2 diabetes. Diabetic patients can use Wegovy if they meet these criteria, as it may help with weight loss, which can benefit blood sugar control, but it is not a primary treatment for diabetes. Always consult your healthcare provider to discuss potential risks, benefits, and interactions with other diabetes medications.",approval status,0.9957,comparative claim,0.9622,vague,0.8558,0.7434,0.9622,0.175,0.7933,0.9957
Wegovy,Can diabetic patients use Wegovy?,anthropic/claude-haiku-4-5,1,"Wegovy is primarily approved for weight management in non-diabetic patients with obesity or overweight. However, semaglutide (the active ingredient in Wegovy) has a related formulation called Ozempic that is specifically approved for type 2 diabetes management. Diabetic patients should consult their healthcare provider to determine if Wegovy is appropriate for them, as it may affect blood sugar levels and interact with diabetes medications. A doctor can recommend the most suitable treatment option based on the patient's specific medical condition.",comparative claim,0.9736,efficacy claim,0.8821,vague,0.8821,0.7132,0.9736,0.7292,0.6974,0.8203
Wegovy,Can diabetic patients use Wegovy?,anthropic/claude-haiku-4-5,2,"Wegovy is not specifically approved for treating diabetes, but it can be used by people with type 2 diabetes who are overweight or obese for weight management. However, diabetic patients should consult their doctor before using Wegovy, as it may affect blood sugar levels and interact with diabetes medications, potentially requiring dose adjustments. The decision to use Wegovy in diabetic patients should be made by a healthcare provider based on individual health status and medication regimen.",comparative claim,0.9426,efficacy claim,0.9015,vague,0.9015,0.7147,0.9426,0.7791,0.8639,0.5888
Wegovy,Can diabetic patients use Wegovy?,anthropic/claude-haiku-4-5,3,"Wegovy is primarily approved for weight management in non-diabetic patients. However, semaglutide (the active ingredient in Wegovy) has a related formulation called Ozempic that is specifically approved for type 2 diabetes management. Diabetic patients should consult their healthcare provider, as using Wegovy off-label in diabetes may not be appropriate, and they may benefit more from diabetes-specific treatments like Ozempic instead.",comparative claim,0.9791,hedge or speculation,0.746,vague,0.7201,0.3999,0.9791,0.746,0.5016,0.7326
Wegovy,Does Wegovy help with heart disease?,openai/gpt-4o-mini,1,"Wegovy (semaglutide) is primarily indicated for weight management in individuals with obesity or overweight, but it has also been shown to have cardiovascular benefits. Clinical studies suggest that Wegovy may reduce the risk of major cardiovascular events in people with heart disease or at high risk for heart disease. However, it is important to consult a healthcare provider for personalized medical advice regarding its use for heart disease.",efficacy claim,0.9359,comparative claim,0.9143,specific,0.9359,0.6283,0.9143,0.3222,0.4873,0.3524
Wegovy,Does Wegovy help with heart disease?,openai/gpt-4o-mini,2,"Wegovy (semaglutide) is primarily approved for weight management in individuals with obesity or overweight, but it has also shown cardiovascular benefits in clinical studies. It may reduce the risk of major adverse cardiovascular events in patients with type 2 diabetes and established cardiovascular disease. However, it is not specifically indicated for the treatment of heart disease itself. Always consult a healthcare provider for personalized medical advice.",efficacy claim,0.9748,approval status,0.9686,vague,0.9748,0.8395,0.9606,0.7902,0.6685,0.9686
Wegovy,Does Wegovy help with heart disease?,openai/gpt-4o-mini,3,"Wegovy (semaglutide) is primarily approved for weight management in individuals with obesity or overweight. While it has shown benefits in reducing cardiovascular risk factors such as weight loss and improved blood sugar control, it is not specifically approved to treat heart disease. However, clinical studies suggest that it may have a positive impact on heart health by reducing the risk of major cardiovascular events in people with diabetes. Always consult a healthcare provider for personalized medical advice.",comparative claim,0.9836,approval status,0.9709,vague,0.9405,0.7966,0.9836,0.8167,0.7493,0.9709
Wegovy,Does Wegovy help with heart disease?,x-ai/grok-3-mini,1,"Wegovy (semaglutide) is primarily approved for chronic weight management in adults with obesity or overweight with weight-related conditions, but it has also been shown to reduce the risk of major cardiovascular events, such as heart attack and stroke, in people with established heart disease. A large clinical trial (the SELECT trial) demonstrated that Wegovy lowered the risk of these events by about 20% in adults with overweight or obesity and pre-existing cardiovascular disease. However, it's not a standalone treatment for heart disease, and you should consult a healthcare provider to discuss if it's appropriate for you.",efficacy claim,0.9794,comparative claim,0.9536,specific,0.9794,0.8833,0.9536,0.2591,0.6005,0.9519
Wegovy,Does Wegovy help with heart disease?,x-ai/grok-3-mini,2,"Wegovy (semaglutide) is primarily approved for chronic weight management in adults with obesity or overweight with weight-related conditions, and it's not specifically indicated for treating heart disease. However, clinical trials like the SELECT study have shown that it may reduce the risk of major cardiovascular events, such as heart attack and stroke, in adults with established cardiovascular disease who are overweight or obese. You should consult a healthcare professional to discuss if Wegovy is appropriate for your individual health needs.",comparative claim,0.9507,approval status,0.9225,specific,0.8883,0.72,0.9507,0.7029,0.6308,0.9225
Wegovy,Does Wegovy help with heart disease?,x-ai/grok-3-mini,3,"Wegovy (semaglutide) is primarily approved for chronic weight management in adults with obesity or overweight, but clinical trials, such as the SELECT trial, have shown it can reduce the risk of major adverse cardiovascular events, like heart attacks and strokes, in adults with overweight or obesity and established cardiovascular disease. However, it is not specifically approved as a treatment for heart disease and should be used under the guidance of a healthcare provider. Always consult your doctor to determine if Wegovy is appropriate for your individual health needs.",efficacy claim,0.9726,comparative claim,0.9657,specific,0.9726,0.8884,0.9657,0.7019,0.7887,0.9548
Wegovy,Does Wegovy help with heart disease?,anthropic/claude-haiku-4-5,1,"Wegovy (semaglutide) is primarily approved for weight management in adults with obesity or overweight with weight-related conditions. While weight loss itself can reduce cardiovascular risk factors like high blood pressure and cholesterol, Wegovy is not specifically approved to treat heart disease. However, some studies suggest GLP-1 receptor agonists may have cardiovascular benefits beyond weight loss—consult your doctor about whether Wegovy might be appropriate for your individual health situation.",hedge or speculation,0.9799,comparative claim,0.9602,vague,0.8882,0.7091,0.9602,0.9799,0.6349,0.9381
Wegovy,Does Wegovy help with heart disease?,anthropic/claude-haiku-4-5,2,"Wegovy (semaglutide) is primarily approved for weight management in people with obesity or overweight with weight-related conditions. While weight loss itself can benefit heart health, Wegovy is not specifically approved to treat heart disease. However, some studies suggest GLP-1 receptor agonists like semaglutide may have cardiovascular benefits beyond weight loss, though more research is needed. If you have heart disease concerns, consult your doctor about whether Wegovy is appropriate for your individual situation.",comparative claim,0.9692,hedge or speculation,0.9663,vague,0.8971,0.735,0.9692,0.9663,0.656,0.9642
Wegovy,Does Wegovy help with heart disease?,anthropic/claude-haiku-4-5,3,"Wegovy (semaglutide) is not primarily indicated for heart disease treatment. However, research suggests it may provide cardiovascular benefits as a secondary effect—studies show it can reduce the risk of heart attack and stroke in people with obesity and existing cardiovascular disease, likely through weight loss and improved metabolic factors. If you have heart disease concerns, consult your doctor about whether Wegovy might be appropriate for your specific situation.",efficacy claim,0.9451,comparative claim,0.9315,specific,0.9451,0.7279,0.9315,0.8821,0.4416,0.4153
Wegovy,How long does it take for Wegovy to work?,openai/gpt-4o-mini,1,"Wegovy (semaglutide) typically begins to show weight loss effects within the first few weeks of treatment, with significant results often observed after about 12 to 16 weeks. However, optimal results may take several months, as it is recommended to gradually increase the dosage to reduce side effects. Individual responses can vary based on personal factors and adherence to diet and exercise recommendations.",comparative claim,0.9368,efficacy claim,0.9265,specific,0.9265,0.3558,0.9368,0.1938,0.8421,0.4078
Wegovy,How long does it take for Wegovy to work?,openai/gpt-4o-mini,2,"Wegovy (semaglutide) typically starts to show weight loss results within a few weeks of treatment, with more significant results often observed after 12 to 16 weeks of consistent use. However, individual responses can vary, and optimal weight loss is usually achieved over a longer period, often around 28 weeks or more, depending on the dosage and adherence to the regimen.",efficacy claim,0.9612,comparative claim,0.9334,vague,0.9612,0.2095,0.9334,0.2463,0.8636,0.2955
Wegovy,How long does it take for Wegovy to work?,openai/gpt-4o-mini,3,"Wegovy (semaglutide) typically begins to show effects on weight loss within the first few weeks of treatment, but significant results are often observed after about 12 to 16 weeks. Optimal weight loss may continue for up to a year or more with ongoing use. Individual response can vary based on factors such as adherence to the medication and lifestyle changes.",comparative claim,0.9406,efficacy claim,0.9322,specific,0.9322,0.3357,0.9406,0.2244,0.5921,0.4623
Wegovy,How long does it take for Wegovy to work?,x-ai/grok-3-mini,1,"Wegovy (semaglutide) begins to work by suppressing appetite shortly after starting treatment, with some people noticing initial weight loss within the first 4 weeks. However, significant results, such as a 5% reduction in body weight, are typically observed after 12 to 16 weeks of consistent use, based on clinical trials. Individual response times can vary depending on factors like dosage, diet, exercise, and overall health, so it's important to consult a healthcare provider for personalized advice.",comparative claim,0.9462,efficacy claim,0.92,specific,0.92,0.4568,0.9462,0.2483,0.9082,0.3752
Wegovy,How long does it take for Wegovy to work?,x-ai/grok-3-mini,2,"Wegovy (semaglutide) is a medication for weight management that typically begins to show initial effects, such as reduced appetite, within the first 4 to 8 weeks of treatment, especially as the dose is gradually increased. However, significant weight loss results are often observed after 12 to 16 weeks or longer, depending on factors like diet, exercise, and individual response. It's important to follow your prescribed plan and consult your healthcare provider for personalized guidance on progress and expectations.",comparative claim,0.9214,dosing information,0.8974,specific,0.8446,0.4573,0.9214,0.3977,0.8974,0.386
Wegovy,How long does it take for Wegovy to work?,x-ai/grok-3-mini,3,"Wegovy (semaglutide) begins to work by suppressing appetite shortly after starting treatment, with some people noticing initial weight loss within the first 4 weeks. However, significant and sustained results, such as 5-10% body weight loss, are typically seen after 12 to 16 weeks of consistent use, depending on individual factors like diet and exercise. It's important to follow your healthcare provider's guidance for optimal outcomes, as results vary from person to person.",comparative claim,0.9465,efficacy claim,0.9288,vague,0.9288,0.619,0.9465,0.4277,0.8019,0.4363
Wegovy,How long does it take for Wegovy to work?,anthropic/claude-haiku-4-5,1,"Wegovy typically begins showing effects within the first 2-4 weeks, though weight loss is usually modest at first. Most people experience more noticeable weight loss after 8-12 weeks as their body adjusts to the medication and doses are increased gradually. Individual results vary based on factors like dosage, diet, exercise, and metabolism. The medication works best when combined with lifestyle changes like healthy eating and physical activity.",comparative claim,0.9393,dosing information,0.9138,vague,0.853,0.4737,0.9393,0.2056,0.9138,0.4373
Wegovy,How long does it take for Wegovy to work?,anthropic/claude-haiku-4-5,2,"Wegovy typically begins showing effects within the first few weeks, with noticeable weight loss often occurring within 4-8 weeks of starting treatment. However, maximum benefits usually develop over several months as your dose is gradually increased during the titration phase. Individual results vary based on factors like dosage, diet, exercise, and metabolism, so some people may see results sooner or later than others.",comparative claim,0.952,dosing information,0.8862,vague,0.7878,0.1701,0.952,0.5202,0.8862,0.1815
Wegovy,How long does it take for Wegovy to work?,anthropic/claude-haiku-4-5,3,"Wegovy typically begins showing effects within the first few weeks, with most people noticing reduced appetite and increased fullness relatively quickly. However, significant weight loss usually becomes apparent after 8-12 weeks of consistent use at therapeutic doses. Individual results vary based on factors like dosage, diet, exercise, and metabolism, and the medication works best when combined with lifestyle changes.",comparative claim,0.9048,dosing information,0.8363,vague,0.8194,0.3411,0.9048,0.194,0.8363,0.428
Wegovy,What happens when you stop taking Wegovy?,openai/gpt-4o-mini,1,"When you stop taking Wegovy, patients may experience weight regain over time, as the medication is designed to aid in weight management by reducing appetite and caloric intake. Additionally, any improvements in blood sugar levels or metabolic markers achieved while on Wegovy may also diminish. It's important to consult a healthcare provider before discontinuing the medication to discuss potential effects and strategies for maintaining weight loss.",comparative claim,0.8804,efficacy claim,0.7421,specific,0.7421,0.5066,0.8804,0.4045,0.5774,0.3684
Wegovy,What happens when you stop taking Wegovy?,openai/gpt-4o-mini,2,"When you stop taking Wegovy (semaglutide), you may experience weight regain, as the medication is designed to help with weight management by reducing appetite and caloric intake. Most people do not maintain the weight loss achieved while on the medication without ongoing treatment. Additionally, you may notice a return of hunger and cravings that can lead to changes in eating habits. It's important to consult with a healthcare provider before discontinuing the medication.",comparative claim,0.9271,efficacy claim,0.918,vague,0.918,0.8456,0.9271,0.3184,0.645,0.4477
Wegovy,What happens when you stop taking Wegovy?,openai/gpt-4o-mini,3,"When you stop taking Wegovy, you may experience weight regain, as the medication helps to suppress appetite and improve metabolism. It's important to adopt a healthy lifestyle, including a balanced diet and regular exercise, to maintain any weight loss achieved while on the medication. Additionally, any underlying conditions that Wegovy was helping to manage may require monitoring and management after discontinuation. Always consult your healthcare provider before stopping any medication.",comparative claim,0.9287,efficacy claim,0.8516,vague,0.8516,0.7501,0.9287,0.2034,0.6475,0.4748
Wegovy,What happens when you stop taking Wegovy?,x-ai/grok-3-mini,1,"When you stop taking Wegovy (semaglutide), you may regain some or all of the weight you lost, as the medication helps suppress appetite and regulate blood sugar, and these effects diminish without it. Individual experiences vary, but weight regain is common because the body returns to its previous metabolic and hunger patterns. It's important to consult your healthcare provider before stopping the medication to discuss potential strategies for maintaining weight loss and monitoring any side effects.",comparative claim,0.953,efficacy claim,0.8278,vague,0.8278,0.6375,0.953,0.4366,0.444,0.4424
Wegovy,What happens when you stop taking Wegovy?,x-ai/grok-3-mini,2,"When you stop taking Wegovy (semaglutide), you may experience weight regain over time because the medication helps suppress appetite and promote weight loss, and these effects diminish without it. Individual results vary based on factors like diet, exercise, and genetics, but studies show that many people regain a significant portion of the lost weight within a year. It's important to consult your healthcare provider before stopping the medication to discuss strategies for maintaining weight loss and monitoring any potential side effects.",comparative claim,0.9183,efficacy claim,0.8004,specific,0.8004,0.615,0.9183,0.2889,0.5693,0.3439
Wegovy,What happens when you stop taking Wegovy?,x-ai/grok-3-mini,3,"When you stop taking Wegovy (semaglutide), you may experience weight regain over time because the medication helps suppress appetite and regulate blood sugar, effects that diminish once discontinued. Individual results vary based on factors like diet, exercise, and lifestyle, so it's common for people to regain some or all of the lost weight without sustained changes. We recommend consulting your healthcare provider to discuss a personalized plan for maintaining weight loss and monitoring any potential side effects.",comparative claim,0.9334,efficacy claim,0.7421,vague,0.7421,0.5106,0.9334,0.2164,0.6312,0.2556
Wegovy,What happens when you stop taking Wegovy?,anthropic/claude-haiku-4-5,1,"When you stop taking Wegovy, appetite and hunger typically return to previous levels within days to weeks, and weight loss may plateau or reverse over time. Most people regain weight relatively quickly after stopping, often returning close to their starting weight within months if lifestyle changes aren't maintained. This is why Wegovy is considered a long-term treatment that requires ongoing use to maintain weight loss benefits. Continuing healthy eating and exercise habits after stopping can help minimize weight regain, though the medication's appetite-suppressing effects will no longer be present.",comparative claim,0.9417,efficacy claim,0.8765,specific,0.8765,0.6587,0.9417,0.3627,0.7022,0.4999
Wegovy,What happens when you stop taking Wegovy?,anthropic/claude-haiku-4-5,2,"When you stop taking Wegovy, appetite typically returns and weight loss effects diminish relatively quickly. Most people experience weight regain within weeks to months, often returning to their pre-treatment weight or higher if lifestyle changes aren't maintained. This is why Wegovy is considered a long-term treatment—stopping it usually reverses its weight loss benefits unless diet and exercise habits have been permanently changed.",comparative claim,0.9552,efficacy claim,0.9138,specific,0.9138,0.6447,0.9552,0.2465,0.6567,0.4805
Wegovy,What happens when you stop taking Wegovy?,anthropic/claude-haiku-4-5,3,"When you stop taking Wegovy, appetite typically returns and weight loss effects gradually diminish over weeks to months. Many people experience weight regain, often returning to their pre-treatment weight or higher if diet and exercise habits aren't maintained. This is why Wegovy is considered a long-term treatment—stopping it usually results in reversal of the weight loss benefits. Consulting your doctor about the best way to discontinue the medication is important for managing this transition.",comparative claim,0.9648,efficacy claim,0.9311,specific,0.9311,0.6864,0.9648,0.4556,0.6831,0.5792
Wegovy,Is Wegovy covered by insurance?,openai/gpt-4o-mini,1,"Wegovy's insurance coverage can vary by plan and provider. Some insurance companies may cover it, especially if it's prescribed for obesity management, but others may not. It's best to check with your specific insurance provider to understand your coverage options and any potential out-of-pocket costs.",comparative claim,0.9718,efficacy claim,0.9122,vague,0.9122,0.5346,0.9718,0.1346,0.5721,0.5373
Wegovy,Is Wegovy covered by insurance?,openai/gpt-4o-mini,2,"Wegovy (semaglutide) coverage by insurance varies depending on the specific insurance plan and the individual's circumstances. Some insurance plans may cover Wegovy for patients with obesity or weight-related health conditions, while others may have restrictions or may not cover it at all. It's best to check with your insurance provider for specific coverage details and any prior authorization requirements.",comparative claim,0.9595,efficacy claim,0.8782,vague,0.8782,0.5845,0.9595,0.5518,0.5669,0.6038
Wegovy,Is Wegovy covered by insurance?,openai/gpt-4o-mini,3,"Wegovy coverage by insurance varies by plan and provider. Some insurance companies may cover it for individuals with a medical necessity, such as obesity or related health conditions, while others may not. It's best to check with your specific insurance provider to determine coverage options and any potential out-of-pocket costs.",comparative claim,0.9637,efficacy claim,0.8418,vague,0.8418,0.6042,0.9637,0.1473,0.2301,0.4951
Wegovy,Is Wegovy covered by insurance?,x-ai/grok-3-mini,1,"Wegovy (semaglutide) coverage by insurance depends on your specific insurance plan, provider, and the reason for prescription, such as treatment for obesity-related conditions. In many cases, it may be covered under certain policies, especially if criteria like BMI thresholds are met, but it's often not covered for cosmetic weight loss. I recommend contacting your insurance provider directly or discussing with your doctor to confirm your eligibility and any requirements.",comparative claim,0.9394,efficacy claim,0.8918,vague,0.8918,0.3413,0.9394,0.7842,0.4913,0.5771
Wegovy,Is Wegovy covered by insurance?,x-ai/grok-3-mini,2,"Wegovy (semaglutide) coverage by insurance varies widely depending on your specific plan, the insurer, and the reason for prescription, such as weight management for obesity or related conditions. Some insurance providers may cover it, especially if it's deemed medically necessary, while others might require prior authorization or not cover it at all. I recommend contacting your insurance company directly or discussing with your healthcare provider to confirm your eligibility and any out-of-pocket costs.",comparative claim,0.9797,efficacy claim,0.9451,vague,0.9451,0.4101,0.9797,0.5312,0.6675,0.6933
Wegovy,Is Wegovy covered by insurance?,x-ai/grok-3-mini,3,"Wegovy (semaglutide) coverage by insurance depends on your specific insurance provider, plan details, and the reason for prescription, such as weight management in adults with obesity or weight-related conditions. Some plans may cover it if certain criteria are met, like a high BMI and documented medical necessity, but others might not, especially if it's considered for cosmetic weight loss. To get accurate information, contact your insurance company or healthcare provider to check your eligibility and any potential out-of-pocket costs.",comparative claim,0.9754,efficacy claim,0.9072,vague,0.9072,0.5283,0.9754,0.8073,0.5976,0.6271
Wegovy,Is Wegovy covered by insurance?,anthropic/claude-haiku-4-5,1,"Wegovy coverage varies by insurance plan. Some insurance companies cover it for patients with obesity or weight-related conditions, while others may not cover it or require prior authorization and specific criteria (such as a BMI threshold or documented weight-related health issues). It's best to contact your insurance provider directly to check your specific plan's coverage and any requirements they may have.",comparative claim,0.9648,efficacy claim,0.8901,specific,0.8901,0.687,0.9648,0.4156,0.2731,0.7075
Wegovy,Is Wegovy covered by insurance?,anthropic/claude-haiku-4-5,2,"Wegovy coverage varies significantly by insurance plan. Some insurers cover it for patients with obesity and certain weight-related conditions, while others may not cover it at all or require prior authorization and specific criteria. Coverage often depends on your specific plan, your BMI, and whether you have weight-related health conditions like type 2 diabetes or heart disease. I recommend contacting your insurance provider directly to check your coverage eligibility.",comparative claim,0.9744,efficacy claim,0.9325,specific,0.9325,0.7938,0.9744,0.4714,0.4672,0.7342
Wegovy,Is Wegovy covered by insurance?,anthropic/claude-haiku-4-5,3,"Wegovy coverage varies by insurance plan. Most major insurance companies cover it for patients with obesity or overweight conditions with weight-related health issues, though many require prior authorization and proof that other weight-loss methods have been tried first. Coverage policies, copays, and deductibles differ significantly between plans, so you should contact your specific insurance provider directly to check your eligibility and out-of-pocket costs.",comparative claim,0.9615,efficacy claim,0.9402,vague,0.9402,0.6609,0.9615,0.2826,0.5075,0.6658
Wegovy,Can patients take Wegovy with other medications?,openai/gpt-4o-mini,1,"Patients can take Wegovy (semaglutide) with other medications, but it's important to consult with a healthcare provider before starting any new medication. Certain medications, especially those for diabetes or weight management, may interact with Wegovy. Your doctor will evaluate your overall health and medication regimen to ensure safety and effectiveness.",efficacy claim,0.9162,comparative claim,0.8767,vague,0.9162,0.8492,0.8767,0.3438,0.5275,0.4704
Wegovy,Can patients take Wegovy with other medications?,openai/gpt-4o-mini,2,"Yes, patients can take Wegovy (semaglutide) with other medications, but it's important to consult a healthcare provider first. Some medications may interact with Wegovy or affect its efficacy. Patients should inform their healthcare provider about all medications they are taking, including over-the-counter drugs and supplements, to ensure safe and effective use.",efficacy claim,0.9384,comparative claim,0.9109,vague,0.9384,0.9017,0.9109,0.209,0.3913,0.3436
Wegovy,Can patients take Wegovy with other medications?,openai/gpt-4o-mini,3,"Yes, patients can take Wegovy (semaglutide) with other medications, but it's essential to inform your healthcare provider about all medications you are currently taking. Some medications may interact with Wegovy, particularly those that affect blood sugar levels or gastrointestinal motility. Always consult your healthcare provider before starting or stopping any medication while on Wegovy.",comparative claim,0.8783,efficacy claim,0.6492,vague,0.6492,0.6367,0.8783,0.3389,0.4158,0.4106
Wegovy,Can patients take Wegovy with other medications?,x-ai/grok-3-mini,1,"Wegovy (semaglutide) can interact with certain medications, such as those that lower blood sugar (e.g., insulin or sulfonylureas), potentially increasing the risk of low blood sugar, or it may affect the absorption of oral drugs due to delayed gastric emptying. It's crucial to consult your healthcare provider before starting Wegovy if you're taking any other medications, as they can evaluate potential interactions and adjust your treatment plan. Always disclose your full medication list to ensure safe use.",comparative claim,0.8625,safety claim,0.7974,vague,0.6593,0.7974,0.8625,0.2114,0.4479,0.3177
Wegovy,Can patients take Wegovy with other medications?,x-ai/grok-3-mini,2,"Wegovy (semaglutide) can interact with certain medications, such as those affecting blood sugar, oral absorption, or gastrointestinal function, so it's essential to consult your healthcare provider before combining it with any other drugs. They can evaluate potential risks, like delayed gastric emptying impacting how other medications work, and adjust your treatment plan accordingly. Always provide a complete list of your current medications to your doctor for safe use.",safety claim,0.8736,comparative claim,0.8552,vague,0.6676,0.8736,0.8552,0.1878,0.303,0.2387
Wegovy,Can patients take Wegovy with other medications?,x-ai/grok-3-mini,3,"Wegovy (semaglutide) can interact with certain medications, such as those for diabetes (e.g., insulin or sulfonylureas), potentially leading to low blood sugar, or other drugs due to delayed gastric emptying. It's essential to consult your healthcare provider before starting Wegovy to review your current medications and assess any risks. They can provide personalized advice based on your medical history.",comparative claim,0.8838,safety claim,0.7909,specific,0.7377,0.7909,0.8838,0.4519,0.5083,0.4141
Wegovy,Can patients take Wegovy with other medications?,anthropic/claude-haiku-4-5,1,"Wegovy can generally be taken with other medications, but it's important to discuss all current medications with your healthcare provider before starting treatment. Some medications may interact with Wegovy or be affected by weight loss, particularly diabetes medications, blood pressure medications, and certain other drugs. Your doctor will review your complete medication list and adjust dosages if necessary to ensure safe and effective treatment.",comparative claim,0.8939,dosing information,0.8356,specific,0.7264,0.6813,0.8939,0.2783,0.8356,0.3374
Wegovy,Can patients take Wegovy with other medications?,anthropic/claude-haiku-4-5,2,"Wegovy can generally be taken with other medications, but certain combinations require caution or adjustment. You should inform your healthcare provider about all medications and supplements you're taking, as some drugs—particularly those affecting blood sugar, blood pressure, or heart rate—may need monitoring or dose adjustments. Your doctor will assess potential interactions and determine if Wegovy is safe for your specific medication regimen. Always consult your healthcare provider before starting Wegovy if you're on other medications.",comparative claim,0.9189,safety claim,0.8502,vague,0.8013,0.8502,0.9189,0.5863,0.846,0.468
Wegovy,Can patients take Wegovy with other medications?,anthropic/claude-haiku-4-5,3,"Wegovy can generally be taken with other medications, but certain drug interactions are possible and important to consider. You should inform your healthcare provider about all medications, supplements, and vitamins you're taking before starting Wegovy, as it may affect how some medications work—particularly oral medications that need to be absorbed quickly. Your doctor will review your specific medication list to ensure Wegovy is safe and won't interfere with your current treatments.",comparative claim,0.9205,efficacy claim,0.7438,vague,0.7438,0.7189,0.9205,0.3286,0.491,0.4046
Wegovy,What is the difference between Wegovy Pill and injectable Wegovy?,openai/gpt-4o-mini,1,"Wegovy is primarily available as an injectable medication, administered once a week. As of October 2023, there is no approved oral (pill) formulation of Wegovy; it is only delivered via subcutaneous injection. The injectable form allows for precise dosing and effective delivery of the active ingredient, semaglutide, which helps with weight management and type 2 diabetes. Always consult a healthcare provider for the most current treatment options.",dosing information,0.9636,comparative claim,0.8993,vague,0.7459,0.4053,0.8993,0.4208,0.9636,0.7283
Wegovy,What is the difference between Wegovy Pill and injectable Wegovy?,openai/gpt-4o-mini,2,"Wegovy is primarily available as an injectable medication, which is administered once a week using a pre-filled pen. As of my last update in October 2023, there is no orally administered version of Wegovy; however, there may be other medications with similar active ingredients in pill form. Always consult a healthcare provider for the most accurate and current information on available formulations.",hedge or speculation,0.9582,comparative claim,0.9098,vague,0.5253,0.3026,0.9098,0.9582,0.7409,0.3572
Wegovy,What is the difference between Wegovy Pill and injectable Wegovy?,openai/gpt-4o-mini,3,"Wegovy is primarily available as a subcutaneous injection, which is administered once a week using a pre-filled pen. As of October 2023, there is no approved oral or pill form of Wegovy; it is specifically designed for injection to provide effective weight management through its active ingredient, semaglutide. Any developments or changes regarding an oral version would need to be confirmed with more recent sources.",hedge or speculation,0.9933,comparative claim,0.9684,specific,0.9181,0.6853,0.9684,0.9933,0.8742,0.8251
Wegovy,What is the difference between Wegovy Pill and injectable Wegovy?,x-ai/grok-3-mini,1,"Wegovy is currently only available as a once-weekly injectable medication, specifically semaglutide, which is approved for chronic weight management in adults with obesity or overweight when combined with diet and exercise. There is no pill form of Wegovy approved by regulatory authorities at this time. If you're referring to oral semaglutide, it is marketed as Rybelsus for the treatment of type 2 diabetes, not for weight loss.",comparative claim,0.9858,efficacy claim,0.8465,vague,0.8465,0.427,0.9858,0.5336,0.7313,0.7748
Wegovy,What is the difference between Wegovy Pill and injectable Wegovy?,x-ai/grok-3-mini,2,"Wegovy (semaglutide) is currently only available as a once-weekly injectable pen for chronic weight management in adults with obesity or overweight, and there is no pill form approved under this brand. The injectable version is administered subcutaneously and works by mimicking a hormone that helps control appetite and blood sugar. If you're referring to an oral semaglutide, that would be a different medication like Rybelsus, which is used for type 2 diabetes management, not weight loss.",comparative claim,0.978,dosing information,0.9565,vague,0.9538,0.7137,0.978,0.7719,0.9565,0.8537
Wegovy,What is the difference between Wegovy Pill and injectable Wegovy?,x-ai/grok-3-mini,3,"Wegovy (semaglutide) is currently only available as a once-weekly injectable medication for chronic weight management, and there is no approved pill form of Wegovy. You might be confusing it with other semaglutide products, such as Rybelsus, which is an oral pill used for treating type 2 diabetes, not weight loss. For accurate information, I recommend consulting a healthcare professional or checking the latest from reliable sources like the FDA.",hedge or speculation,0.9923,comparative claim,0.9882,vague,0.7885,0.4909,0.9882,0.9923,0.8751,0.3462
Wegovy,What is the difference between Wegovy Pill and injectable Wegovy?,anthropic/claude-haiku-4-5,1,"Wegovy is only available as a **subcutaneous injection** (under the skin), not as a pill. You inject it once weekly in your abdomen, thigh, or upper arm. There is no oral pill form of Wegovy, though semaglutide (the active ingredient) is available as an oral medication under the brand name Rybelsus, which is primarily used for type 2 diabetes rather than weight loss.",comparative claim,0.9752,dosing information,0.9116,vague,0.8832,0.7763,0.9752,0.6769,0.9116,0.6431
Wegovy,What is the difference between Wegovy Pill and injectable Wegovy?,anthropic/claude-haiku-4-5,2,"Wegovy is only available as a **subcutaneous injection** (under the skin) — there is no Wegovy pill form. You may be thinking of **Orlistat**, which is an oral weight-loss medication, or **Rybelsus** (oral semaglutide), which is a different formulation of the same active ingredient but used for diabetes, not weight loss. Wegovy injections are administered once weekly and are specifically approved for chronic weight management in adults with obesity or overweight with weight-related conditions.",comparative claim,0.9871,hedge or speculation,0.9608,vague,0.8114,0.6142,0.9871,0.9608,0.8848,0.8276
Wegovy,What is the difference between Wegovy Pill and injectable Wegovy?,anthropic/claude-haiku-4-5,3,"# Wegovy: Pill vs. Injectable

**Injectable Wegovy** is the FDA-approved form—a once-weekly subcutaneous injection containing semaglutide that's specifically marketed for weight management.

**Wegovy pill** does not exist as an FDA-approved product. However, **Ozempic** (also semaglutide) is available as a pill form called **Rybelsus**, though it's approved for diabetes, not weight loss. Some compounded oral semaglutide versions exist through compounding pharmacies, but these aren't FDA-approved for weight management.

For weight loss, only injectable Wegovy is the established, regulated option.",comparative claim,0.998,approval status,0.9794,specific,0.9439,0.7486,0.998,0.5216,0.8677,0.9794
Wegovy,Why do doctors prescribe Wegovy over other weight loss drugs?,openai/gpt-4o-mini,1,"Doctors may prescribe Wegovy over other weight loss drugs due to its unique active ingredient, semaglutide, which mimics a hormone that regulates appetite and food intake. Clinical trials have shown that Wegovy can lead to significant weight loss in individuals with obesity or overweight conditions. Additionally, its efficacy and safety profile, as well as its once-weekly dosing, make it a favorable option compared to some other weight loss medications.",efficacy claim,0.9809,comparative claim,0.9672,specific,0.9809,0.9386,0.9672,0.1417,0.8969,0.5353
Wegovy,Why do doctors prescribe Wegovy over other weight loss drugs?,openai/gpt-4o-mini,2,"Doctors may prescribe Wegovy over other weight loss drugs due to its effectiveness in promoting weight loss and its unique mechanism of action. Wegovy, which contains semaglutide, mimics a hormone that regulates appetite and food intake, leading to significant weight loss in clinical trials. Additionally, it has been shown to improve metabolic health markers, making it a preferred option for patients with obesity or overweight conditions.",efficacy claim,0.9827,comparative claim,0.9385,specific,0.9827,0.0744,0.9385,0.0482,0.485,0.572
Wegovy,Why do doctors prescribe Wegovy over other weight loss drugs?,openai/gpt-4o-mini,3,"Doctors may prescribe Wegovy over other weight loss drugs due to its specific formulation and proven efficacy in promoting significant weight loss. Wegovy contains semaglutide, which mimics the effects of the hormone GLP-1, helping to reduce appetite and increase feelings of fullness. Clinical trials have demonstrated that Wegovy can lead to more substantial weight loss compared to other medications, making it a preferred choice for managing obesity in eligible patients. Additionally, it may also have beneficial effects on related health conditions, such as type 2 diabetes.",efficacy claim,0.9923,comparative claim,0.9722,specific,0.9923,0.189,0.9722,0.1347,0.6255,0.5538
Wegovy,Why do doctors prescribe Wegovy over other weight loss drugs?,x-ai/grok-3-mini,1,"Doctors may prescribe Wegovy (semaglutide) over other weight loss drugs due to its demonstrated efficacy in clinical trials, where patients achieved an average weight loss of 15-20% of their body weight when combined with diet and exercise. It works by mimicking a hormone that helps control appetite and blood sugar, and its once-weekly injection may improve adherence compared to daily medications. However, the choice ultimately depends on individual patient factors, such as medical history, potential side effects, and response to previous treatments.",efficacy claim,0.9916,comparative claim,0.969,specific,0.9916,0.339,0.969,0.2413,0.7191,0.435
Wegovy,Why do doctors prescribe Wegovy over other weight loss drugs?,x-ai/grok-3-mini,2,"Doctors may prescribe Wegovy (semaglutide) over other weight loss drugs due to its proven efficacy in clinical trials, where it has helped patients achieve significant weight loss (up to 15-20% of body weight) when combined with diet and exercise, particularly for those with obesity or weight-related conditions. Its once-weekly injection format improves adherence compared to daily medications, and it has a favorable safety profile for many patients, though side effects like nausea are common. Ultimately, the choice depends on individual patient factors, such as medical history and potential interactions, as guided by healthcare guidelines.",efficacy claim,0.9895,safety claim,0.9407,specific,0.9895,0.9407,0.9229,0.0204,0.6824,0.3351
Wegovy,Why do doctors prescribe Wegovy over other weight loss drugs?,x-ai/grok-3-mini,3,"Doctors may prescribe Wegovy (semaglutide) over other weight loss drugs due to its proven efficacy in clinical trials, where it has demonstrated significant weight loss—often 15-20% of body weight—along with benefits for blood sugar control and cardiovascular health in patients with related conditions. Its once-weekly injection and FDA approval specifically for chronic weight management make it a convenient and targeted option compared to older drugs like phentermine, which may have shorter-term effects or different side effect profiles. However, the choice depends on individual patient factors, such as medical history and potential side effects, so it's important to discuss options with a healthcare provider.",efficacy claim,0.9947,comparative claim,0.98,specific,0.9947,0.3957,0.98,0.1003,0.8034,0.9722
Wegovy,Why do doctors prescribe Wegovy over other weight loss drugs?,anthropic/claude-haiku-4-5,1,"Doctors may prescribe Wegovy because it has demonstrated significant weight loss results in clinical trials—patients typically lose 15-22% of body weight. It's a GLP-1 receptor agonist that works by reducing appetite and regulating blood sugar, and it also offers cardiovascular benefits beyond weight loss. Additionally, Wegovy has an established safety profile and once-weekly dosing makes it convenient for patients. However, the choice depends on individual factors like medical history, other medications, cost, and insurance coverage, so other weight loss medications may be prescribed depending on the patient's specific needs.",efficacy claim,0.9724,safety claim,0.97,specific,0.9724,0.97,0.9477,0.0604,0.9484,0.674
Wegovy,Why do doctors prescribe Wegovy over other weight loss drugs?,anthropic/claude-haiku-4-5,2,"Doctors often prescribe Wegovy because it's a GLP-1 receptor agonist that's shown strong efficacy in clinical trials—patients typically lose 15-22% of body weight compared to 5-10% with older medications. Beyond weight loss, Wegovy also provides cardiovascular benefits and may improve blood sugar control, making it valuable for patients with metabolic conditions. It's generally well-tolerated with a manageable side effect profile, though some patients experience nausea initially. The choice depends on individual patient factors, medical history, and how they respond to treatment.",efficacy claim,0.9831,comparative claim,0.967,specific,0.9831,0.4408,0.967,0.1156,0.6165,0.4617
Wegovy,Why do doctors prescribe Wegovy over other weight loss drugs?,anthropic/claude-haiku-4-5,3,"Doctors may prescribe Wegovy because it has demonstrated significant weight loss results in clinical trials (averaging 15% body weight reduction) and has a well-established safety profile. It's a GLP-1 receptor agonist that also provides cardiovascular benefits beyond weight loss, making it particularly valuable for patients with heart disease or diabetes risk. Additionally, the once-weekly injection format improves medication adherence compared to daily pills. However, the choice depends on individual patient factors, medical history, and insurance coverage, as other weight loss medications may be more appropriate for specific patients.",efficacy claim,0.9448,safety claim,0.9379,specific,0.9448,0.9379,0.9378,0.0878,0.7785,0.6207
Wegovy,What do clinical trials say about Wegovy efficacy?,openai/gpt-4o-mini,1,"Clinical trials have shown that Wegovy (semaglutide) is effective for weight management in adults with obesity or overweight. In studies, participants lost an average of 15-20% of their body weight over 68 weeks when combined with lifestyle changes. The medication works by reducing appetite and increasing feelings of fullness, which helps individuals adhere to their dietary and exercise goals.",efficacy claim,0.9863,comparative claim,0.9014,specific,0.9863,0.3423,0.9014,0.0359,0.5763,0.5633
Wegovy,What do clinical trials say about Wegovy efficacy?,openai/gpt-4o-mini,2,"Clinical trials have demonstrated that Wegovy (semaglutide) is effective for weight management in adults with obesity or overweight conditions. In studies, participants lost an average of 15-20% of their body weight over 68 weeks when combined with a reduced-calorie diet and increased physical activity. The medication also showed improvements in various metabolic parameters, such as blood sugar levels and cholesterol.",efficacy claim,0.9891,comparative claim,0.8828,specific,0.9891,0.2348,0.8828,0.0218,0.4334,0.3301
Wegovy,What do clinical trials say about Wegovy efficacy?,openai/gpt-4o-mini,3,"Clinical trials have demonstrated that Wegovy (semaglutide) is effective for weight management in individuals with obesity or overweight. In these studies, participants experienced significant weight loss, with many losing around 15-20% of their body weight over 68 weeks when combined with a reduced-calorie diet and increased physical activity. Additionally, Wegovy has been shown to improve various metabolic health markers, such as blood sugar levels and lipid profiles.",efficacy claim,0.9848,comparative claim,0.902,specific,0.9848,0.291,0.902,0.0307,0.5789,0.4789
Wegovy,What do clinical trials say about Wegovy efficacy?,x-ai/grok-3-mini,1,"Clinical trials, particularly the STEP program, have demonstrated that Wegovy (semaglutide) is effective for weight management in adults with obesity or overweight conditions. In these trials, participants using Wegovy at the 2.4 mg weekly dose achieved an average weight loss of 15-20% over 68 weeks, compared to about 2-5% in the placebo group. This efficacy was consistent across various studies, with benefits also including improvements in cardiovascular risk factors like blood pressure and blood sugar levels.",efficacy claim,0.9829,comparative claim,0.9264,specific,0.9829,0.1326,0.9264,0.0333,0.8192,0.2214
Wegovy,What do clinical trials say about Wegovy efficacy?,x-ai/grok-3-mini,2,"Clinical trials, such as the STEP program, have demonstrated that Wegovy (semaglutide 2.4 mg once weekly) is effective for weight management in adults with obesity or overweight. In these trials, participants experienced an average weight loss of about 15% of their initial body weight over 68 weeks, compared to around 2.4% in the placebo group. Additionally, benefits included improvements in blood pressure, blood sugar levels, and other weight-related health markers in many participants.",efficacy claim,0.9572,comparative claim,0.92,specific,0.9572,0.0976,0.92,0.0072,0.8116,0.1871
Wegovy,What do clinical trials say about Wegovy efficacy?,x-ai/grok-3-mini,3,"Clinical trials, particularly the STEP program, demonstrate that Wegovy (semaglutide 2.4 mg) is highly effective for weight management in adults with obesity or overweight with weight-related conditions. In the STEP 1 trial, participants experienced an average weight loss of about 15% over 68 weeks when combined with lifestyle interventions, compared to just 2.4% in the placebo group. Overall, these trials show Wegovy can lead to significant, sustained weight loss when used as directed.",efficacy claim,0.9848,comparative claim,0.9659,specific,0.9848,0.3384,0.9659,0.074,0.8203,0.5881
Wegovy,What do clinical trials say about Wegovy efficacy?,anthropic/claude-haiku-4-5,1,"# Wegovy Clinical Trial Results

Clinical trials show Wegovy (semaglutide) is highly effective for weight loss. In the STEP trials, patients receiving Wegovy lost approximately 15-22% of their body weight over 68 weeks, compared to 2-3% with placebo. The medication was most effective when combined with lifestyle changes like diet and exercise, and benefits were sustained as long as patients continued treatment.",comparative claim,0.9825,efficacy claim,0.9705,specific,0.9705,0.1339,0.9825,0.2571,0.3735,0.2284
Wegovy,What do clinical trials say about Wegovy efficacy?,anthropic/claude-haiku-4-5,2,"# Wegovy Clinical Trial Results

Clinical trials show Wegovy (semaglutide) is highly effective for weight loss. In the STEP trials, patients receiving Wegovy lost approximately 15-22% of their body weight over 68 weeks, compared to 2-3% with placebo. The medication was most effective when combined with lifestyle changes like diet and exercise, and benefits were sustained as long as patients continued the treatment.",comparative claim,0.9824,efficacy claim,0.9725,specific,0.9725,0.1075,0.9824,0.246,0.3948,0.2631
Wegovy,What do clinical trials say about Wegovy efficacy?,anthropic/claude-haiku-4-5,3,"# Wegovy Clinical Trial Results

Clinical trials show Wegovy (semaglutide) is highly effective for weight loss. In the STEP trials, patients receiving Wegovy lost approximately 15-22% of their body weight over 68 weeks, compared to 2-3% with placebo. The medication also demonstrated improvements in cardiovascular outcomes and metabolic markers like blood sugar and blood pressure in people with obesity or overweight with weight-related conditions.",efficacy claim,0.9848,comparative claim,0.9816,specific,0.9848,0.0984,0.9816,0.0877,0.3026,0.202
